{"cid_203":{"meta":{"cid":"cid_203","fcon":1},"ctls":[{"d":[{"dp":1,"cid":"cid_104","name":"avt1w","mtx":[1.9660034179688,0,0,1.9660034179688,-137,1354]}],"act":[{"0":[150,["\/:a2"]],"9":[28,[]],"10":[150,["a"]],"16":[19,[]],"17":[18,[]],"18":[157,[41]],"23":[139,["avt1a"]],"32":[129,[1,0]],"37":[139,[""]],"41":[0,[]]}]}]}}